family,doc_state,notes,updated,engines,sid_count
20cc,OK,"research-player sweep complete (2026-06-14). 20CC = editor by Falco Paul (player) + Edwin van Santen/EVS (music), Dutch group '20th Century Composers' (Leiden, founded 1988-06-17). 209 HVSC SIDs, all PSID v2, 87% single-subtune. 'World's fastest routine' (4 raster lines). No public source BUT editor's in-tool F7 instructions recovered verbatim (src/20CC_Composer_Instructions.txt). **FC-INSPIRED, NOT an FC fork (settled): F7 text says 'almost the same as Future Composer but this is NOT the same!'; concrete binary diffs vs FC - vibrato=bit-rotation loop (FC=signed-delta), wave dispatch hi-2-bit $00/$40/$80/$C0 (FC=$40/$60), filter only on note-load (FC=per-frame program), Variant-B embeds instrument in note pitch (FC never); own sidid sig, no based-on flag. FC pipeline does NOT transfer wholesale.** TWO VARIANTS: A (174/209) load/init $1000 play $1003, ~2KB, state $1006-6F; B (35/209) load $0FFA play $1081, instrument-in-note-pitch (note&$1F=inst, $E0-FF=cmd) = separate extract path. WRITE MODEL (voice X=2,1,0, offsets $146D={00,07,0E}, all STA $D4xx,Y): freq-hi/lo, PW-lo/hi, **$D418 absolute written 3x/frame (beat-accent mechanism)**, $D404 ctrl/gate (note-load or frame_counter==2 HR); AD/SR $D405/06 + filter $D416/17 on instrument-load only; vibrato=bit-rotation; freq 96-note split table $1485/$14E5. DATA = 2 levels (vs FC's 3): sequence stream (ptr $1545, $00-3F loop/$40-5F repeat/$60-7F waveform-idx/$80-BF arp-swing-param/$C0-FE filter-porta/$FF end) + wave-programs (ptr $154B, hi-2-bit dispatch: $00-3F dur+inst, $40-7F dur+pulse, $80-BF dur+note, $C0-FE dur+freq-lo-hi, $FF end). Instruments 8-byte @ $15FB (byte4=$FF suppresses filter); settings $81=beat-accent $40=appreq(arp?). Features: 2x/3x/4x speed, hard+soft osc restart, sample play, PWM, voice-3 feedback. Address variety = relocation ($FFF/$1000=120, $1670 HeatWave=15, $E0xx=4, $F900=2, scattered=68). Migration first step: disassemble Variant-A Vlindertjes.sid ($106C) for auto-swing/beat-accent/glide algorithms + Variant-B note packing. Cleared to start disassembly. See pipelines/20cc/docs/README.md.",2026-06-14,"[""20CC""]",246
amp,OK,"research-player sweep complete (2026-06-14). AMP = Advanced Music Programmer V2.3 by Andrew Miller (=Andras Molnar, 'Burton', Hungarian; Euratom/Quality/Hitech Studio Designs) w/ co-dev + songs by Markus Mueller ('Hayes'), 1988-90; published via Magic Disk 64 12/1991 (CP Verlag, Germany). 246 HVSC SIDs, all PSID v2 / VBL (no CIA). No public source/spec; structure from byte-stable HVSC inspection + binary credits string (src/). LAYOUT ($1000, 142/246, kernel byte-identical bar ~10 SMC bytes): $1000 JMP init/$1003 JMP play; $100B-15 song config (voice_enable/filter_route/order_len/repeat/pattern_count/speed); $1016-2D 12x2B LE pointers (3 voices x 4 track tables); $102E-8F per-voice state 7B stride X=0/7/14; $10D8 freq LO 96 / $1139 freq HI 96 (PAL, entry24=C2=$041B, entry0=silence); $119E-162D kernel. WRITE MODEL per play(): per-voice decode (AD/SR from instr program, freq+vibrato->$D400/01, PW $D402/03, wave+gate $D404); filter sub x3 (filter_table->$D416, master_vol|filter_mode->$D418); $D417 reso+routing; tempo+loop. SMC: init patches ~5 kernel addrs (vibrato x2/filter/glide x2) - rebuild emits clean code per CORE TENET. TRACK FORMAT per voice = 4 parallel byte arrays (note/transpose/instprog_lo/instprog_hi); instprog hi:lo = double-indirect ptr to wavetable-style instrument programs. INSTRUMENT (16 params): AD/SR/pulse-hi/add-pulse/vibrato s-e/accord(arp German Akkord) s-e/filter s-e/wave start1-end-start2/glide/filter $D417/$D418. NOTE encoding: hi-2-bit class + lo-6-bit note#, GERMAN note names (H=B), $80 rest/$40 hold/$00 empty. Editor 4-file format .SNG/.VOI/.NOT/.DAT. Address variety = relocation/packaging of ONE kernel (canonical $1000=142, +3-offset demo-hook=25, $C003/$2800/$E000 reloc); EARLY EURATOM 1988-89 $13xx (8 SIDs) MAY be a pre-v2.3 driver (2nd path?). Migration first step: disassemble canonical $1000 tune for note_byte->index formula + instrument-program terminator + gate/HR mechanism (~$14C8). LEAD: A.M.P. V2.3 Pack (CSDb #200544) reportedly has Cobra's docs. Cleared to start disassembly. See pipelines/amp/docs/README.md.",2026-06-14,"[""AMP""]",246
ariston,OK,"research-player sweep complete (2026-06-15, 6 parallel agents). Ariston = UK commercial C64 game-music DRIVER. Driver by Ian Crabtree (1987); GUI editor 'PROGRAMMED BY PHILIP BRABBIN 1987/88 / (C) ARISTON DESIGNS 88' (string in editor binary); a Wally Beben variant (improved drums) is the DOMINANT one. Named after the 'Ariston...and on...' UK appliance advert. 147 HVSC SIDs; 3 voices; ported to ST+Amiga 1988 (same data format). Composers (typed note data DIRECTLY in 6502 asm; Brabbin GUI was secondary): Brimble, Leitch, Dunn, Matt Gray, Wally Beben, Mark Wilson, Steve Barrett. ORIGINAL SOURCE LOST (Beben HDD failure incl. ST/Amiga port) + never public BUT the sweep found+decoded JC64dis's annotated disassembly of Beben's Dark_Side (by Stefano Tognon) -> COMPLETE byte-level format for the Wally_Beben variant (90% of corpus). Project preserved gzipped at docs/src/jc64dis_DarkSide_project.dis.gz; canonical spec = docs/src/archive_format_summary.md. FORMAT (Beben variant): hierarchy Song->3 Tracks(per voice)->Patterns->notes+fx, voices at SID stride {0,7,$0E}. Track/orderlist bytes: $00-7F pattern#, $80-BF transpose-down, $C0-FE transpose-up, $FF end/loop. Pattern bytes: $00-5F note (96-note/8-octave); $7A DVI delay-vibrato, $7B GLI glissando, $7C CTR/$7D TRL/$7E TIN/$7F TDE trill family; $80-BF Lxx note-length; $C0-DF Ixx instrument(0-31); $F0-FB Sxx speed (12 tempo lvls); $FC vv VOL->$D418; $FE STP gate-off; $FF END. INSTRUMENT=8 bytes: control, AD, SR, pulsewidth(2B lo|hi), vibrato(step|size), pulse-sweep, trill-bits, effect-flags (bit0 BASS-drum/bit1 plunk/bit2 echo/bit3 SIDE-drum). Notable: trill ornaments, glissando, pulse-sweep, drum/plunk/echo ('phasing' enhanced by Maniacs of Noise who got the source late 1987), UNUSUAL bidirectional pattern scan ($FE forward/$DE backward). Tuning A4=459Hz PAL/477 NTSC (Beben); VGMPF '424/434Hz' likely Crabtree V1/V2; Crabtree's own 433.5Hz PAL. SIDID: 4 sub-fingerprints (Ariston primary + Ian_Crabtree_V1 + _V2 + Wally_Beben) = sub-variants matching after primary, NOT separate engines; 132/147 (90%) carry Beben sig, ~15 don't (Leitch, early Barrett/Beben); write-order differs (V2 adds $D405/06 ADSR+double-$D404 HR; Beben adds PW writes+drum-tick DEC). CENSUS: all PSID v2; 144 VBI / 3 CIA (Barrett) / 13 own-IRQ play=0 (Beben5/Barrett3/Wilson3/Tapanimaki1/Pedersen1); load addrs SCATTERED $08xx-$F1xx (each composer own origin; Brabbin-editor default cluster $0832-0856). NO third-party parser; fully relocatable. 'Ariston Design' = scene group named after driver (Moley/Neil Scales), unrelated to authorship. OPEN (migration): only Beben variant disassembled - run JC64dis on a Crabtree V1 (Outrun.sid/Angel_Meadows.sid init=load+3) + V2 tune; resolve VOL $FC-vs-$FD ambiguity (spec says $FC, JC64dis constants say $FD); per-IRQ path for 13 play=0 + 3 CIA tunes (Tetris 13KB init=$7440 play=0; Pedersen Digi_Panth_2 maybe digi); register-confirm drum/plunk/echo/bidi-scan; freq-table tuning census. Cleared to start disassembly. See pipelines/ariston/docs/README.md.",2026-06-15,"[""Ariston""]",148
basic_program,OK,"research-player sweep complete (2026-06-22, 6 leaf agents + local recon). Basic_Program = 486 HVSC SIDs, ALL RSID v2 with load=init=play=0 + C64-BASIC flag (flags bit1) set; payload is a tokenized Commodore BASIC V2 program at $0801 that POKEs the SID. NOT a machine-code player - the 'engine' IS the C64 BASIC+KERNAL ROM interpreter; each tune is its own hand-written micro-program (no shared player, no play() vector; runs from RUN, loops via GOTO; tempo = FOR/NEXT busy-waits). sidid classifies by CONTENT (tokenized BASIC referencing 54272-79=$D400-07: '=5427x', 'FOR X=0 TO', 'POKE 5427x'), not a fingerprint. ADJACENT LABELS ARE NOT THIS: Basic/Jim_Butterfield (47)=named player; Basically_Music (12)=machine-code, pun name. CORPUS (exact, full-corpus detokenize parse_fail 0/486): DATA/READ 389(80%), PEEK 171, GET 81, SYS->ML 79, TI 73, RND-any 94 (RND(0)=8, RND(neg/TI)=24 mostly fixed-seed=deterministic, RND(+)=62), SIN/COS 24, WAIT 20. ORIGINS: 62=The 100% BASIC Project (Alan Bond 2013-15), ~150=1980s magazine type-ins (Family Computing/MicroTones, COMPUTE!, Commodore PRG-guide), long publisher tail; many have scanned originals on archive.org for detok validation. BLOCKER1 (ground-truth capture) SOLVED pending ~25-line patch: tools/siddump.cpp never calls libsidplayfp engine.setRoms(); with stub ROMs BASIC won't run (one $D418 then silence). Real C64 ROMs ALREADY at ~/.local/share/sidplayfp/{kernal,basic,chargen} (MD5-verified). libsidplayfp psiddrv auto-handles BASIC warm-start $BF53/55 + $030C subtune select (PEEK(780)) once ROMs load. ROMs are Commodore copyright - use locally, never commit. BLOCKER2 (representation): RECOMMEND Path B (trace-lift) - capture deterministic --writelog flat (reg,val) stream, lift to USF note events (engine-agnostic, CORE-TENET fit; covers SYS-hybrid + algorithmic + RND that source-decompile Path A cannot). No new USF schema fields. Reuse+upgrade deprecated/gt2_pipeline regtrace->USF (currently VBI-snapshot=Trap A; switch to --writelog). Verdict = flat un-bucketed (reg,val) compare + duration_tol (busy-wait quantization). DETERMINISM: under Path B the nondeterminism worry dissolves - libsidplayfp is deterministic from cold reset, so RND(0)/TI/timer reads are stable; freeze ONE canonical realization. Real exclusion is CURATORIAL (subset of 81 GET 'play-along, no music without keypress'), sized empirically after the capture patch. NEXT: (1) patch siddump --roms-dir; (2) capture-survey all 486 x2 for richness+determinism; (3) harden detok to C2's NORMAL/IN_QUOTE/IN_REM machine + scan-by-$00; (4) Path-B lift + verify entry; (5) iterate FULL on stratified subset -> wide batch; curatorial exclusions -> excluded_sids.json. See pipelines/basic_program/docs/README.md.",2026-06-22,"[""Basic_Program""]",524
cheesecutter,OK,"research-player sweep complete (2026-06-14). CheeseCutter 2.x (Timo Taipalus/Abaddon, Triad; open-source D tracker, GPL; source local at tmp/dmc_hunt/CheeseCutter/). 302 HVSC SIDs. PLAYER = evolved JCH NP21.G4 (src/c64/player_v4.acme) -> effect chain/write model ALREADY in jch_newplayer + laxity_newplayer docs; this corpus = the CC-specific delta. KEY MIGRATION FACTS: (1) exported SID is ASSEMBLED FRESH PER TUNE (player_v4.acme text-substituted + song data merged via build.d) - not pre-linked; (2) VARIABLE INSNO per tune (numInstr+1, NOT always 48) - all instrument offsets scale with it = THE critical extractor detail; (3) per-tune effect stripping via 15 INCLUDE_* flags (dumpOptimized) -> player byte image+size varies per tune; INCLUDE_CMD_SET_WAVE($06) always FALSE; INCLUDE_FILTER=FALSE -> no $D415-17 writes (~half of tunes); (4) seq end-mark $bf (not NP20 $7f); (5) timing 1x=speed0/VBI, multispeed=speed0xffffffff/CIA $4cc7/mult. SIDID: 4 sub-sigs NON-EXCLUSIVE (one binary matches several; cfg-order picks) - all single-SID share ONE extraction path (2.5+=184, parent-only=108, 2.3-2.4=4 artifact, 2.0-2.2=0). 2SID stereo (9 PSIDv3, 2nd SID $D420, 6 voices {$00,$07,$0E,$20,$27,$2E}, filter interleaved D415/D435...) needs a 6-voice verdict; stereo branch never merged to master. Release timeline mapped to player strings cc4.03(2.7.1)/cc4.04(2.8)/cc4.07(2.9); exports carry NO version string. AUDIT before migration: 25 LMan init=$080D/play=0 + 4 Abaddon $0FED groups. Cleared to start disassembly. See pipelines/cheesecutter/docs/README.md.",2026-06-14,"[""CheeseCutter_2.x""]",308
companion,OK,research-engine sweep complete; gathered corpus present; cleared to start disassembly/annotation.,2026-06-13,"[""Companion""]",26
cyberlogic,OK,"research-player sweep complete (2026-06-14). Cyberlogic SoundStudio (CSS) V4.0, 1991-92, German scene - player code by Oliver Klee ('Odi') + music/data/concept by Sascha Nagie ('celticdesign'), group Demons of Sound. 196 HVSC SIDs, all PSID v2 / VBL (speed=0). No public source/spec/manual; structure from byte-stable HVSC inspection + Oliver Klee's first-person STIL comments on ~14 tunes (richest primary source - filter quirk, CSS packer, low-raster variant, porta/arp/PWM). Author split confirmed by embedded string 'MUSIC SASCHA NAGIE, PLAYER O.KLEE'. SELF-CONTAINED (each SID embeds player+data). LAYOUT ($1000, 133/196): 6-entry jump table (init+0/play+3); ASCII string load+$12; state $1032-A0; 13 parallel 32-entry instrument tables $17D8-1916; 95-entry freq table $1928/$1987 DOUBLES as pattern-pointer table (dual-indexed); 6 section-metadata arrays $1C0E-5F + 3 voice->pattern tables ($19E6/$1A9E/$1B56); pattern streams $1D0E, terminated by $2A $2A $2A ('*** END OF MUSIC ***'). WRITE MODEL (voices X=2,1,0, V3 first): per voice D401(freq-HI)->D400(freq-lo)->D402/03 PW->D405 AD->D406 SR->D404 ctrl/gate (FREQ-HI-BEFORE-LO is unusual fingerprint); global D416->D417->D418 once/frame, $D418 value from PER-SECTION table $1C5E[section] (not fixed - source of STIL filter quirk). NOTE encoding 1 byte: upper nibble=instrument (LSR x4 per sidid sig), lower=pitch step; interleaved duration+command bytes. $6000 cluster (13) = TWO unrelated engines: SID*Nation (celticdesign 2013, LSR x6 init) + Timeout (Blue Ninja 1992 'MINIPLAYER3.0 91 BY TBN', early Odi 4-entry jumptable). Player NOT frozen - >=2 generations (Odi orig + 1996 rev 'LARS HUTZELMANN 96 PLAYER O.KLEE'). Composers all German: Nagie (120/61%), X-Radical (28), Blue Ninja (24, extended CSS as Protovision game engine), Odi (24). Migration first step: disassemble canonical $1000 tune for $80-FB effect-opcode map + $FC/FD args + section-advance trigger ($1035) + $1C0E SMC sentinel; handle >=2-3 generation layouts. LEAD: Soundstudio.prg (zimmers.net, 12/11/92) + css.d64 (CSDb #170632) editor binaries. Cleared to start disassembly. See pipelines/cyberlogic/docs/README.md.",2026-06-14,"[""Cyberlogic_SoundStudio""]",197
cybertracker,OK,"research-player sweep complete (2026-06-14). CyberTracker = native C64 tracker by Bjarke Norgaard Laustsen (CyberBrain)/No Name, 2001. 255 HVSC SIDs, all PSID v2 / VBL speed=0 (zero CIA), <=2 subtunes. WELL-DOCUMENTED: full feature manual public at noname.c64.org/tracker/ (saved verbatim in src/). Cyberbrain_Digi (separate digi) + Cyberlogic_SoundStudio (different engine) are NOT this family. TWO SIDID STRINGS = same musical format, DIFFERENT player implementations + write ORDER (need 2 paths or USF write_order flag): CyberTracker(_ct, 125) = the tracker's PSID save, engine FOLLOWS song data so init floats $1DC0-2BBE play=init+$51 (position-dependent, abs addrs patched at save) - 87 native + 35 Packer-fixed-$1000; CyberTracker_exe(130) = Executable Maker output, fixed $0800/engine $4800-5600/init $53A2 play $53E2 gap $40 (98.5% one layout, covers ~51% of all tunes from one disasm). WRITE-ORDER DIFF: _ct freq interleaved V1(lo,hi)V2(lo,hi)V3(lo,hi); _exe all-lo-then-all-hi V1lo,V2lo,V3lo,V1hi... (same for PW); ctrl/ADSR/SR/filter/vol order identical. WRITE MODEL: ~25 regs/play + HR writes (SR/AD=0/gate-clear/gate-set); state page _ct $10xx mapped (Ybase $1046={00,07,0E}, freq $1090-95, PW $1096-9B, ctrl $10B1-B3, ADSR $10B4-B9, filter $10A8/A9/BA, vol $10BB); _ct magic 60 60 60 'ct' at $1006; _exe 13-entry envelope dispatch $47F6. DATA MODEL (manual): 3-ch FastTracker patterns (NOTE/INST/EFFECT, <=128 lines, 256 patterns, 796 shared lines), tracks share patterns+insts (orderlist differs); 31 instruments x 8 graphical envelopes (vol/wave/PW/filterpass/cutoff/reso/pitch/pitchmode, 768 shared points); 20 effects incl Dxx MULTI-EFFECT chaining (255-line table, signature feature); one filter all 3 ch, lowest-ch-wins; Fxx tempo, speed<3 HR issues. Versions V1.00(#2601)->V1.01(#25, fwd-compat)->ExeMaker->Packer. **BYTE-LEVEL FILE FORMAT OBTAINED (user-supplied Wayback capture of CyberBrain's own ctfileformat-1_01 spec -> cluster_byte_format.md + src/ctfileformat-1_01.txt): NO PACKING in files (raw runtime tables); .ct header magic 00 04 'nntrkmzx'; length-prefixed tables VIBDPT/VIBSPD/ARPEGGIO/ADSR/INSNAM(screencodes)/MLTEFF/SNGLEN/SNGREP/LOOPSTART/ENVX-Y-LO-HI(768 pts)/PATTERNS/PTNLEN/ENVLEN/TRKMEM; pattern cell=3 bytes %nnnnoooi/%iiiiEEEE/%eeeeeeee x3 ch=9B/line (instrument#=5-bit split byte1.bit0+byte2.hinib; note 0-15 w/ 13=gate 14=stop); envelopes=16-bit (x,y) in 4 split tables, per-env len from ENVLEN, loop LOOPSTART $FF=none; ADSR sustain nibble always 0 (vol-envelope drives sustain). .ci instrument file = one instrument's slice.** Data model now needs NO RE; only file<->in-memory ($10xx/$53A2) offset binding remains (one disasm). Migration first step: disassemble one _exe $53A2 + one native _ct tune to bind the spec's tables to runtime addresses. Cleared to start disassembly. See pipelines/cybertracker/docs/README.md.",2026-06-14,"[""CyberTracker"", ""CyberTracker_exe""]",258
david_whittaker,OK,"research-player sweep complete (2026-06-17, clean leaf-agent re-run). NO original GPL source (Whittaker hand-coded each game as macro-expanded 6502 w/ absolute pointers, never released a driver), but enough to disassemble: (1) full annotated P1 disassembly src/Whittaker_David_Panther.asm (dmx87, realdmx/c64_6581_sid_players -- the ONLY public C64 disasm); (2) two battle-tested cross-platform parsers to mine -- NostalgicPlayer C# (neumatho, most complete, old-QBall/new split) + c-flod C (rofl0r, 42 Amiga variants); (3) full format synthesis (format_spec.md) + Panther command decoder. VARIANT CENSUS (sidid_signature.md): sidid has 5 byte-patterns under ONE David_Whittaker entry (no version split); 103-SID fingerprint census = P1 main 86 / P2 alt-reg 10 (shares P1 data fmt, diff write order) / P3 early 4 / P5 tiny 3 / 1 unknown (Exorcist) -- Prg2Sid 1.20 also flags 'Whittaker (2 variants)'. FORMAT: 7-byte/subtune song table <speed,3xvLo/Hi> absolute ptrs; pattern notes $00-7F + commands $80-93; end-byte $88(C64)/$87(ZX)/$FF(NES); 84-91 entry freq table (PAL/424Hz) + 13 arps; gate-off = ATOMIC hard-restart retrigger (NOT ADSR release -- jsSID 'Whittaker workaround' confirms), effects all software-computed. Driver lineage: pre-1986 minimalist (Lazy Jones, 424Hz) -> June 1986 Jason Brooke rewrite (Panther onward) -> 1987+ stable. Cleared to disassemble. KEY OPEN (fillable from our 103 binaries at migration): only P1 disassembled publicly -> RE a P2/P3/P5 rep to bound format deltas; reconcile pspecial byte-range map vs Panther.asm; confirm PSID speed flag VBI/CIA; Exorcist exclusion?; hvsc84.csv has 7 P1 false-negatives (DB refresh 110->117). See pipelines/david_whittaker/docs/README.md + provenance_log.md.",2026-06-17,"[""David_Whittaker""]",117
deflemask,OK,"research-player sweep complete (2026-06-14). DefleMask (Delek), modern cross-platform tracker; C64 SID is one of many targets. TARGET = the 6502 player + song-data embedded in the .SID EXPORT, not the .DMF authoring format. 310 HVSC SIDs across THREE structurally different export players (tag = app version): DefleMask_v1 (1 SID, byte-at-a-time reg/val stream), DefleMask_v2 (69, Y-indexed write-queue blit, app v0.9-0.11), DefleMask_v12 (240=77%, app v0.12+/v1.x). v12 = clean register-bank BLITTER: LDX#$18/LDA $04,X/STA $D400,X/DEX/BPL writes all 25 regs D418->D400 every frame from a ZP shadow (Mode-1-deterministic). v12 song layout after ~253B player: $110A CIA-rate, $110C song-ptr, $110E 25-byte register-reorder table, $1127 bit-field-compressed stream (control byte flags which regs changed). ZP self-modifying fetch routine (do NOT reproduce per CORE TENET). v12 WRITES CIA1 $DC04/5 (hw-incompat bugs #216/#353). Effect catalogue + SID instrument model derived from Furnace (DefleMask never open-sourced the player); 3 DMF spec versions saved. All 310 = PSID v2, vblank speed=0, single-subtune. Reflextracker (137) is a SEPARATE engine. Migration first step: disassemble one v12 .sid for the bit-field decode off-by-one. Cleared to start disassembly. See pipelines/deflemask/docs/README.md.",2026-06-14,"[""DefleMask_v1"", ""DefleMask_v12"", ""DefleMask_v2""]",330
defmon,LITTLE,single research.md first-pass overview; research-engine sweep not yet run.,2026-06-13,"[""DefMon""]",106
digi_organizer,SOME,"Player RE'd from static disassembly (no research-player sweep yet - core understood without one): ONE canonical core in 131/131 HVSC carriers (nibble-play signature census). CIA2-NMI 4-bit $D418 volume digi, nibble-packed page-aligned samples, orderlist+32-row-pattern sequencer, per-sample CIA latch (pitched drums), |$10 or_mask. Pairs with music engines: 51 Music_Assembler, 14 DMC, 27 other, 39 standalone. Pipeline pipelines/digi_organizer/ born 2026-08-29 (first parametric-digi family, digi{} schema): Heavy-Beat FULL Mode-2 CYCLE-STRICT. GAPS: standalone driver variants (strict C13 probe refuses non-canonical drivers), paired-member handling (init copies core to $9000), authorship/lineage research not done. See pipelines/digi_organizer/RE_NOTES.md.",2026-08-29,"[""Digi-Organizer""]",39
digitalizer,OK,"research-player sweep complete (2 waves). Source NOT public, no open-source parser/spec exists -> reconstructed from (a) Olav Morkrid's recovered V3.0 help file (src/digitalizer_v3.0_instructions.txt: sequence byte encoding $00-1F inst / $20-3F arp / Sx sustain / Rx rel / portamento; wave+pulse+filter+arp sub-tables + 2 speeds), (b) decoded sidid signatures (V2.x relocatable, V3.0 fixed-addr, Olav_Moerkrid tracker player, OmegaSupreme_Digi 4-bit $D418 digi), (c) SDI/SID-Duzz'It as documented descendant (sdi_format_spec.md, DTZ2SDI converts Digitalizer V3.x->SDI). Tracker + integrated digi. Ancestor = Prosonix/SteinTronic (Stein Pedersen). Versions V2.2->V3.5; V3.5=GRG rewrite (no own sidid). OPEN (RE-phase): on-disk table layout, $7F vs $FF seq sentinel, digi model, per-effect register formulas, DTZ2SDI .d64 extract. 619 HVSC tunes (542 V2.x + 77 V3.0).",2026-06-13,"[""Digitalizer_V2.x"", ""Digitalizer_V3.0""]",764
dmc,OK,research-engine sweep complete; gathered corpus present; cleared to start disassembly/annotation.,2026-06-13,"[""DMC"", ""DMC_V6.x""]",10774
electrosound,OK,"research-player sweep complete (2026-06-14). Electrosound 64 (Orpheus Ltd. / Steve Mellin, 1985, COMMERCIAL). 297 HVSC SIDs. NO public source AND NO published disassembly exist -> from-scratch RE target; byte-level format is migration-phase work. CAPTURED: (1) ONE relocatable player - play() IRQ = BASE+$0A65 (79% of corpus confirm play_addr&$FF==$65; minor builds +$0A75/$0A7A, <=3 builds), init = BASE+$0518, song data at BASE+$007C, IRQ patch sites +$007B/+$0084; fixed ZP state $02AB=tune# $02FF=speed $02AD=tempo(dynamic) $02F9=enable; CIA1-timer driven; NON-looping. Address variety = ripper packing conventions (4 init-stub styles), NOT engine variants - same binary. Dominant bases $4000 (Leitch) + $1000 (Dunn/Stormont). (2) Musical model from manual/Zzap: up to 10 instruments w/ full SID regs + 5 modulators (targets pitch/PW/cutoff/key-down/key-up; per-mod delay/speed/depth/direction[up/down/vibrato/shuffle]/restart); 20 sequences <=240 steps, 3 instruments locked to 3 voices, per-seq tempo, 24 fixed drum sounds on rest; up to 5 tracks MOD-style chaining. (3) TUNING A=423.9 Hz NOT 440 -> USF codec needs a custom note table. (4) Reputed slowest/worst player = full register writes every frame (dense deterministic stream). Electronic_Speech_Sys (5) is SEPARATE. Migration first step: disassemble a canonical $1000/$4000 SID for instrument/sequence/drum byte layout. Cleared to start disassembly. See pipelines/electrosound/docs/README.md.",2026-06-14,"[""Electrosound""]",301
ems_odie,OK,"research-player sweep complete (2026-06-14). EMS = 'The Electronic Music System', native C64 editor by Sean Connolly ('Odie') of Cosine (UK), from 1989; V7.03 released 1997-01-18. 196 HVSC SIDs (EMS/Odie). WELL-SOURCED: official V7.03 disk (CSDb #4649 ems_v703.d64) downloaded, 7 bundled HELP files decoded from PETSCII -> complete feature model (src/*.txt). FEATURE MODEL: 3-level Tracks->Sequences->Notes; up to 8 tunes/module, 3 voices, 96 sequences (<=$FF bytes), note dur <=$40. Track cmds: rst/stop/fad/tmp($02-0D)/tr+/tr-/it(inst transpose)/rep/seq# $00-5F. Sequence cmds: notes C0-B7, vol(+filter+reso), ^(glide), event(screen-sync), hdnon/hupon(osc glide), arpon/vibon, arp/sfx/dur/fil, slion/cycon/porton, sus/gat, nrep. 15 INSTRUMENT PARAMS: firstwf, wf+gateoff(5-bit tab idx+3-bit gateoff), AD, SR, pulse lo/hi, pulse rate/delay/min/max, vibrato delay, osc-delay+vib-depth, vib speed, soundtype(0=vib/1=arp/2=osc-gl-dn/3=osc-gl-up/5=hi-freq), filter hibyte, filter table, arp override. 24 waveform/24 arp/24 filter tables. Vibrato amplitude-compensated; glide=division routine; filter NOT sped by multispeed. Player API = 5-entry JMP table (init/play/engine/clear/fade), relocatable. WRITE MODEL (V7.03): voice V3->V2->V1 (X=2,1,0, voice0 inside global-filter JSR); per voice freq lo/hi->PW lo/hi->ctrl; global $D418(vol+route)/$D415/16/17; HR gate-off frame before gate-on. THREE GENERATIONS (distinct sidid sub-sigs): V7.03 (5-JMP, LDY#$16 clear, Y from $1015,X); V9.x (scene V8/V9: dispatcher passes Y=SID-base param to uniform JSR, mutually exclusive w/ V7.03); V10.x (init ASL/ROL table-expand 83-entry $53 = DECOMPRESS packed freq data + SMC subtune patch). RELATED ODIE STRINGS all=Connolly but DISTINCT players (separate targets): Odie/Cosine(9, pre-EMS, $80 sentinel), Odie_tiny(3, ~1K 4K-compo), Odie/Pulse(2, oldest, CPU banking+KERNAL). Digital_Systems NOT Odie. CORPUS: 195 PSIDv2+1 v3(2SID Lovefunk), 195 VBI+1 CIA(Brian_the_Lion s1), 87% single-subtune, 72% canonical $1000/$1003, 37 (init,play) pairs; Merman 99/50% (1999 Ozone covers), Connolly 61, TMR 13. Migration first step: disassemble V7.03 $1000 tune for instrument-record byte offsets + stream/table wire format; handle V7/V9/V10 dispatch + V10 packed-freq decompress; Brian CIA->per-irq, Lovefunk->6-voice. Cleared to start disassembly. See pipelines/ems_odie/docs/README.md.",2026-06-14,"[""EMS/Odie""]",199
future_composer,OK,research-engine sweep complete; gathered corpus present; cleared to start disassembly/annotation.,2026-06-13,"[""MoN/FutureComposer""]",4093
gmc,OK,"research-player sweep complete (2026-06-13, gather-only/sonnet). GMC=Game Music Creator (Brian/Graffity, Hungary, Dec 1990; 446 V1 + 9 V2.0-revival HVSC tunes). CLOSED engine. HEADLINE: direct predecessor of DMC (same author, 8 weeks before DMC V1.2) -> the already-migrated DMC pipeline largely transfers (shared Tracks->Sectors, $1000/$1003, 8-subtune table, abs,X write dispatch; GMC sounds 16 bytes vs DMC V4 11 -> fresh instrument-decode). Engine model + version taxonomy (V1.0/V1.6/V2.0-revival; sidid V1 x16-ASL vs V2 nibble-split) + census (455; $18EA/$14EA dominant) captured. Byte-level OPEN -> RE during migration (bootstrap: HVMEC editor D64s + Fenek's 2006 reimplementation). Cleared to start. See pipelines/gmc/docs/README.md.",2026-06-13,"[""GMC/Superiors""]",448
goattracker,OK,research-engine sweep complete; gathered corpus present; cleared to start disassembly/annotation.,2026-06-13,"[""GoatTracker_V1.x"", ""GoatTracker_V2.x""]",9184
hardtrack,OK,"research-player sweep complete (2026-06-13): released elysium SDK source recovered + player disassembled byte-exact and verified vs siddump. Binary layout, per-frame write model ($D417 accumulation, V3->V2->V1, ADSR-on-note-on), single-format version taxonomy (V1.0/V1.1/V1.0+6speed; one sidid sig, all 1170), Polish provenance all captured. NO CIA multispeed in HVSC renders (flat Mode-1 verdict). DMC cousin (operand-derived tables -> dataflow extract transfers). Cleared to start disassembly; canary HT_7_1.sid. See pipelines/hardtrack/docs/README.md.",2026-06-13,"[""HardTrack_Composer""]",1170
hubbard,OK,research-engine sweep complete; gathered corpus present; cleared to start disassembly/annotation.,2026-06-13,"[""Rob_Hubbard""]",289
jch_newplayer,OK,"research-player sweep complete (2026-06-13): grounded in released player source (CheeseCutter player_v4.acme = NP21.G4 by Laxity/VIB) + a maintained NP20 packed-binary parser (SID Factory II converter_jch.cpp) + codebase64 spec + a decoded HVSC binary. Per-frame write model, hard-restart semantics, two-encoding split (packed NP20.G4 vs NP21+ runtime), variant taxonomy (V1-V20, 3-author lineage), and DMC->JCH transfer map all captured. Cleared to start disassembly. See pipelines/jch_newplayer/docs/README.md.",2026-06-13,"[""JCH_NewPlayer""]",3687
jeff,OK,"research-player sweep complete (2026-06-14). Jeff = custom player(s) of Soren Lund ('Jeff'), Danish (1974-2013), Cyberzound Productions/Camelot. 192 HVSC SIDs (engine 'Jeff'), 178 his own. ~30 players + 2 editors over career; no public source. Editors: CZP Music Editor V2.0 (1996, never released, .d64 CSDb #122334) + X-SID (Viruz 2007, 6581.dk/xsid-viruz.rar). Jeff_Minter (2) is the unrelated Llamasoft dev. BINARY (V9.x dominant, $1000, version str '-PLAYER V9.6 (C) JEFF / CAMELOT-' @ $1020): 2 JMP trampolines; per-voice state $1040 (7B stride X=0/7/$0E); freq lo+hi 96-entry tables $10C4-$1183; arp/vib semitone offsets $1184; init $11A4; play+fx $12F0-$17B7; 16-bit address table $17C8 (orderlists->instruments->patterns); instrument programs + pattern data $18xx+. PATTERN: (dur,note)* term $FF (note $01-7B semitone, $7F tie, $7D rest). INSTRUMENT PROGRAM: (dur,wave)* ($41 pulse+gate/$21 saw/$81 noise/$FE loop). WRITE MODEL (VBI speed=0): $D418 unconditional first write/frame; per voice (X=0/7/$0E) $D415/16 filter(cond), $D402/03 PW, $D404 gate-off+oldwave (HARD RESTART), $D405/06 ADSR (new note not tie), $D400/01 freq (note or glide/vib), $D404 gate-on; $D417 init-only. Additive freq lookup ((ctr&$1F)*8 into split table). FEATURES (Remix64 interview): JCH-like 2-level track/seq; wave-freq/glide/detune/vibrato/ADSR-manip tables (tremolo/echo/reverb); heavy pulse+filter; multispeed via wave-freq tables; max $1C rastertime. VARIANT TAXONOMY (binary-confirmed, NOT all one engine): BullSID/FLT/BullSID3 = SAME V9.x core, init-only micro-variants (fold into one path); Jeff/Airwalk = OLDER different engine (V4, 3-ZP-pointer $F9/FA/FB); Jeff/XLarge = different tiny direct-table player; X-SID(2007) = genuine redesign (all regs/frame). Plus $FD0-era (19 SIDs, 1991-94) = earlier predecessor gen. CORPUS: 78.5% $1000/$1003, 6 multi-subtune (FLT 2-sub=6581+8580), all PSID v2; Soren Lund 85%, Duck LaRock 14. Migration first step: disassemble V9.x tune for instrument-program opcodes + address-table indexing; CZP Editor V2.0 .d64 (#122334) = format-by-example; handle $FD0/Airwalk-V4/XLarge/X-SID as separate small paths. Cleared to start disassembly. See pipelines/jeff/docs/README.md.",2026-06-14,"[""Jeff""]",192
john_player,OK,"research-player sweep complete (2026-06-14). John Player = beginner-friendly C64 tracker by Aleksi Eeben ('Heatbeat', Finland), CNCD/Cyberiad, 2001-02. 183 HVSC SIDs. load/init $1000, play $1003, <8 rasterlines. **★ FULL WLA-6510 SOURCE RECOVERED** (V1.0+V1.4 source.zip + V1.6 player) -> src/v10/, src/v14/, src/player.asm (+editor/packer/disk). BEST-SOURCED family of the sweep; data layout from primary source. Other John_* sidid strings (Darnell/Hancock/Prince/Klonaris/Kyle Johnson) are UNRELATED. DATA LAYOUT (reloc $1000, V1.x): FreqTab +$0358 (84B=42 word/semitone), VibTab +$0400 (32B sine), SoundTab +$0420 (11B/sound), shared 64-step FilTab +$0500/WaveTab +$0540/ArpTab +$0580, Sequencer +$05C0, BlockData +$0600. SOUND DESCRIPTOR (11B): AD,SR,trig-pos,end-pos,loop-pos,PWM-init,PWM-rate,PWM-top,PWM-bottom,filter-reso/chsel($D417),filter-type/vol($D418). PER-STEP cols: waveform->$D404, arpeggio ($00-7E rel semitone/$80-FF abs pitch-hi), filter-cutoff addend->$D416 (voice1). BLOCK STEP 8B: [-][-][v1note][v1snd][v2note][v2snd][v3note][v3snd]; note 0=empty/$01-7F idx/$FE=gate-off mask (patched into AND #$FE, NOT loop). 8 BLOCK COMMANDS: End/Brk/Flt/Tmp/Ini(vib width)/Vib(rate)/Mod/Off. ZP $40-4C (13B). WRITE MODEL (3-voice VBI, new note): $D404=0(gate-off HR)->$D405 AD->$D406 SR->$D404=$09(test+gate HR)->$D417 reso/route->$D418 mode/vol->$D416(FilTab+ZP$41)->$D404=WaveTab AND $FE->$D402/03 PW(SMC)->$D400/01 FreqTab[note*2](+vib SMC). Triple $D404 = hard restart; $D415 NEVER written. Heavy SMC (step ptrs/gate mask/vib CMP<->ADC/PWM EOR) -> rebuild emits clean code per CORE TENET. FOUR VERSIONS: V1.0(0 in HVSC), V1.4(13, hardcoded LDA #$09 ctrl), V1.6(93 DOMINANT, voice block loads SoundTab+2/3/4 via LDA abs,Y), V2.0b(77, RESTRUCTURED: SoundTab->$1520 7B-records, Wave->$1680, Arp->$1700, Freq->$1460, 128-step tables, 32 sounds, play $10BA, songs INCOMPATIBLE w/ V1.x -> separate decoder). **FREQ: use Aleksi's 2024-corrected table (985248 Hz PAL, not 1MHz).** CORPUS: 89.6% $1000/$1003, 180/183 single-subtune, all PSID v2; Aleksi 29%; few play=$0000 maybe CIA. Migration: V1.6 extractor straight from src/player.asm (dominant 93), then V1.4; V2.0b separate decoder (confirm 128-step layout vs binary); 985248Hz freq table. Cleared to start disassembly. See pipelines/john_player/docs/README.md.",2026-06-14,"[""John_Player""]",186
laxity_newplayer,OK,"research-player sweep complete (2026-06-14). KEY: Laxity_NewPlayer_V21 IS NP21.G4 = the same player documented OK under jch_newplayer (CheeseCutter player_v4.acme = 'JCH NP 21.G4 by Laxity/VIB'); this corpus is the V21-specific delta. Captured: full NP21 effect/command routines read from player_v4.acme in full (the JCH README's open lead #3 = the write oracle) — per-voice write order D400/D401/D406(SR)/D405(AD)/D402/D403/D404, tsync 3-frame HR state machine, 4 HR types incl. $Ax 'Laxity restart' (AD preserved, G5 addition via inst Byte C), all 9 super-table effects, inline $40-$ff seq commands, 4-byte pulse/filter rows, wave column-B semantics; SIDId signatures (V21 anchors on STA $D404,Y + CMP #$FF + DEC abs,X; vs Glover/Vibrants-Laxity/SF2); sub-variant taxonomy G4(26563)->G5(33785, Byte-C HR)->B6, no NP21.Q (Q is JCH's NP20 era), NP21.G6 is Samar not Laxity; corpus stats (313 SIDs, 92% $1000/$1003, DRAX+G-Fellow=83%). Canonical base corpus in pipelines/jch_newplayer/docs/. Cleared to start disassembly. See pipelines/laxity_newplayer/docs/README.md.",2026-06-14,"[""Laxity_NewPlayer_V21""]",322
loadstar_songsmith,OK,"research-player sweep complete (1 broad wave, 4 clusters). US Loadstar disk-magazine hobbyist tool by Joe Garrett (Softdisk; precursor by Garrett+Gardner, Loadstar #27-28; re-documented Loadstar #237 by Dave Moorman). NOT a Sidplayer/.MUS tool (verified) and NOT a tracker -- notation-style: 3 voices, classical durations (W/H/Q/E/S+dot+rest), key/time sig, tempo ~30-260bpm, ~19 preset ADSR+waveform instruments, NO triplets/tied/filter/LFO/portamento (=clean USF target, pitch+duration+per-voice ADSR/waveform, no effect chain). Player init $CC00/play $CC48; note lookup (note-1)*2 into word freq table. 4 sidid variants byte-decoded (mature 308 reloc ABS-read / v1 19 ZP-indirect / v2 1 fixed $C290 / v3 3 reloc). On-disk native = m.SONG (notes) + w.SONG (1 block ADSR+timbre). Primary docs recovered: Loadstar 237 t.songsmith + converter docs (SIDSmith/SmithSID). OPEN (RE-phase): exact m-file note/duration interleave + freq table values via disasm. 331 HVSC tunes.",2026-06-14,"[""Loadstar_SongSmith"", ""Loadstar_SongSmith_v1"", ""Loadstar_SongSmith_v2"", ""Loadstar_SongSmith_v3""]",338
lords_of_sonics,OK,"research-player sweep complete (2026-06-16). Engine = C64 driver by Markus Schneider ('MS'; aliases Diflex/Synth-Man), written 1988 as a Soundmonitor replacement for Jens Blidon; the two founded German group Lords of Sonics. 123 HVSC SIDs shared across many composers (Blidon, Babyface/Kagan Demir, A-Man, Spang, Ice, Mc Olly, SMC, game rips). KEY: the driver WAS publicly released as The Parsec Music Editor V5.1 (1989, Mnemonic Designs, CSDb #10744 has a .d64) -> format recoverable by disassembling the editor's player stub. Lineage: LOS/MS -> Parsec -> (Schneider joins X-Ample 1989) -> Compotech V2.x; Compotech/X-Ample are a SEPARATE sidid family (xample). sidid LordsOfSonics/MS = 2-line play sig + (Parsec) init sub-variant (in docs/src). Play routine: X=voice (2->0), Y=SID reg offset (0/7/14), double-indexed freq table, bit-2 gate test. PSID load=0 (real load = first 2 payload bytes); canonical layout V_PLAY_INIT (87/123) = [lo hi] JMP play/JMP init; engine header ~payload+8. Outliers: No_Mercy (13 subtunes, play=$0000), Timezone, Blax, A-Man NOP3 cluster. See docs/README.md.",2026-06-16,"[""LordsOfSonics/MS""]",134
master_composer,OK,"research-player sweep complete (2026-06-13): engine fully decoded from the local JC64dis annotation + 2 ground-truthed disasms (Maniac.sid) + siddump. Page/block/bar model (block=16-reg full SID snapshot via outTimbre +$0AA; note $00 rest/$01-$63 freq/$64 gate-off), no effect engine. Corrections: CIA-timed (speed=$1 for 996/1019 -> per-IRQ verdict), table bases dataflow-derived per file (>=2 variants, DMC-style). Variants: Patrick_Payne = same player; Lope_Pulse_Sweep ~20 files = PW-sweep add-on; TFMX/MasterComposer = separate engine (exclude). No public manual; source not public but RE complete. Cleared to start; canary Kleimeyer_Paul/Maniac.sid. See pipelines/master_composer/docs/README.md.",2026-06-13,"[""Master_Composer""]",1078
mon_deenen,OK,"research-player sweep complete (2026-06-15 + follow-up wave 2026-06-16). Cleared to start disassembling. Maniacs of Noise driver ('Musicfile') by Charles Deenen + variants by Jeroen Tel, Reyn Ouwehand. HVSC tag MoN/Deenen = 135 SIDs (Tel 72 / Deenen 19 / Ouwehand 16 + minor); load $1000; 3-voice; commercial game music ~1988-93; TurboAssembler, binary-only (no public spec/source). RECOVERED: RE'd ACME player source for EVERY variant from github realdmx/c64_6581_sid_players -> docs/src/*.asm (Deenen Test Tune 1/2 + SFX Player, Tel Cybernoid2, Ouwehand Armada + Dutch Breeze, Bjerregaard Myth + James Bond 3); repo fully inventoried (nothing more for MoN). COMMON CORE (Deenen/Tel/Ouwehand): 8-byte instrument [waveform,AD,SR,gate_len,pulse_fx,fx1=vibrato,fx2=pulse_sweep,fx3=arp/drum/flags]; 96-note freq table C0-B7; sequence stream $C0-DF=instrument $80-BF=note-len $00-7F=pitch $FF=loop $FE=end; per-voice effects vibrato/pulse-sweep/glide/arp/drum/filter; speedbyte tempo. *** CRITICAL DISAMBIGUATION (3 separate HVSC tags): MoN/Deenen=135 (THIS engine, family mon_deenen); MoN/FutureComposer=4024 (the FC standard player, family future_composer) -- and the parenthesised sidid sub-IDs (MoN/Cyb2),(MoN/TTWII),(MoN/JTS),(MoN/RWE),(MoN/Bantam) AND (MoN/Deenen_Digi) all roll up to MoN/FutureComposer NOT MoN/Deenen, so the 16 digi tunes belong to the FC family, not here; MoN/Bjerregaard=77 (Bjerregaard's FORK -- AD/SR-first instrument order, diff sequence opcode ranges, 'second sustain', global tempo -- its own engine). *** Music_Assembler (6351 SIDs, Dutch USA-Team) is unrelated despite sharing the sidid.cfg. sidid signatures all in docs/src/sidid_cfg_cadaver.txt; Monase tool contents + SFX .SFX format decoded in docs/followup_csdb_findings.md. Detection already works (no sidid config to maintain): repo does not run sidid live; engine column comes from cached dump deprecated/gt2_grading/data/sidid_full.txt which already tags all 135 as MoN/Deenen; there is no tools/sidid.cfg. MIGRATION TODO (not research): seed_disassembly.py a rep SID (Cybernoid II / Mantalos) -> disassembly.s + extractor, cross-ref docs/src/*.asm. Full index: pipelines/mon_deenen/docs/README.md + provenance_log.md.",2026-06-16,"[""MoN/Deenen""]",140
music_assembler,OK,research-player sweep complete (2026-06-13): manual vendored; player entry points + per-frame write model RE'd (two independent traces agree); packed format effectively documented via JC64dis hand-annotation + sidid anchor; variant taxonomy mapped. Cleared to start disassembly. See pipelines/music_assembler/docs/README.md.,2026-06-13,"[""Music_Assembler""]",6462
musicshop,OK,"research-player sweep complete (2026-06-14). The Music Shop = 1984 COMMERCIAL C64 music-composition program by Don Williams / Broderbund ($44.95, 1984-09-27; MIDI version 1985 via Passport). 182 HVSC SIDs. **It's a GRAPHICAL STAFF-NOTATION editor, NOT a tracker** - most application-like target. Full 50-page manual recovered (src/manual_full_text_extract.md). RIPPED COMMERCIAL APP not relocatable player: 180/182 fixed init=$A04D play=$575A (PSID load=0 -> payload $95F6); play vector NOT in payload - init copies stubs to low RAM (~$575C/$5E46). **CIA-TIMED: PSID speed=0x01 confirmed across corpus -> needs --writelog-per-irq verdict (NOT flat 50Hz).** BINARY (3 regions, byte-stable player): player stubs $95F6-A0FF (2570B identical, note-walk SIDId sig $978A, duration table $97D0=[0,20,40,60,80,100,120,140]); song header $A100 (->$77D4: step_size $77D5=4-20 varies, 'MS' magic $77E0, per-voice ADSR 5B x3, CIA tempo $77DA); note data $A200 (->$78D4: ALWAYS 480 columns x step_size bytes, first 12B zero). NOTE FORMAT: 2-byte SID FREQUENCY pairs [lo][hi] LE ($0000=rest) - validated vs known scores (Canon-in-D D6=$4E68); markers $FD tie/$FA end/$FC loop/bit7 rest. Note-walk $978A = relative-offset LINKED LIST (reads 2-byte offset + step_size, advances per-voice ptr $3F:$40). PLAYER STORES SID-FREQ DIRECTLY (notation->pitch done at save time) - don't re-derive from staff. step_size extra bytes = gate/duration/vibrato/filter/PW (sub-structure = main RE gap). MUSICAL MODEL (manual): <=20 pages, 3 voices=3 SID osc (<=3 simul notes/col), pitch by staff position, durations whole-32nd+dotted+ties+triplets, any time sig; per-voice SID synth ADSR/waveform/control(gate/sync/ring/vib)/PW/filter; 8 FACTORY PRESETS switchable mid-score via COMMODORE+1-8 events; tempo/vol/vibrato globals. .seq save = screen layout (symbol-code+vertical placement), but the SID EXPORT (HVSC) is already the freq stream. CORPUS: 180/182 fixed layout, single-subtune except Karateka (20, Francis Mechner); folders DEMOS/UNKNOWN/Music_Shop 121 (intl community, 1988 crack), Williams_Don 28, Safavy_Mehdi 20. Migration first step: disassemble $575A/$978A player + siddump --writelog correlate to decode step_size column sub-structure (gate/dur/vib/filter/PW) + CIA tempo. Cleared to start disassembly. See pipelines/musicshop/docs/README.md.",2026-06-14,"[""MusicShop""]",184
ninjatracker,OK,"research-player sweep complete (2026-06-16). Minimal native C64 tracker by Lasse Oorni (Cadaver) of Covert Bitops (same author as GoatTracker), designed for minimum rastertime. 111 HVSC SIDs (18 V1.x + 93 V2.x); mostly Cadaver's games + modern commercial titles (Sarah Jane Avory: Zeta Wing/Sam's Journey/Briley Witch). BEST CASE: full PLAYER SOURCE is public and saved to docs/src/ (nt2play_v204.s = V2 engine, ntplay_v1.s = V1 engine) plus the GT2NT2 converter gt2nt2.c (writes the NT2 binary = byte-layout ground truth) + distribution readmes + sidid V1/V2 sigs. Format fully specified, NO RE needed. API: nt_newmusic (21 self-mod fixups, relocatable) / nt_playsong / nt_music; V2 uses 2 ZP bytes. Gamemusic binary = 6-byte size header {wave,pulse,filt,cmd,legatocmd,patt} + packed sections (player code NOT stored with music). Patterns: raw=(note<<1)|has_cmd, notes $18-$BE=C-1..B-7, dur byte >=$C0; cmd $01-$7F normal / $81-$FF legato. Orderlist: $00 loop, $01-$7F patt, $80-$BF/$C0-$FF transpose down/up. 2-column tables (wave/pulse/filter). Hard-restart V2.03+ = 2+1 silent frames. V1 and V2 are DISTINCT engines (full rewrite; sidid sigs share no bytes; V1=5 ZP bytes, 3-col tables, no commands/legato/filter/hard-restart). All VBL/50Hz; play=init+3 canonical; 2 play=$0000 data-only members. See docs/README.md + docs/format_spec.md.",2026-06-16,"[""NinjaTracker_V1.x"", ""NinjaTracker_V2.x""]",116
odintracker,OK,"research-player sweep complete (2026-06-15, 6 parallel agents). OdinTracker = native C64 SID tracker by Zoltan Konyha ('Zed', BME Budapest, zed@inf.bme.hu); v1.00 (Feb 2000) -> v1.13 (Apr 2001). 159 HVSC SIDs; 3 voices, 50Hz VBI, NO CIA multispeed, NO digi/samples. GREEN-FIELD MIGRATION: the COMPLETE commented DASM player source is public (OdinTracker113src.zip, CSDb #2628 + zimmers.net) and now in-tree at docs/src/ - vplayer.s (1222 lines, THE decompiler target: init/play/stop, fetchrow, process_instrument, calcvibrato, effect jump-table, pp_dump2sid), defines.s (memory map + instrument offsets), tracker.s (8163 lines = editor+packer/relocator = packed-binary serialization ground truth), eplayer.s, help.txt, HISTORY.txt, freqtab.cpp, vibrato.s, depacker.s. NO RE NEEDED to understand the format - it's fully documented by primary source. Canonical reference = docs/src/github_odintracker_format_and_player.md (18 sections, migration-ready). FORMAT: orderlist ($FF-term) of 6-byte patterns (3 track# + 3 signed transpose); track = 64 rows x 3 bytes, row=[note|eff_bit3][instr|eff_lo-via-ROR][param], note 1=C-0..96=B-7/97=off; 32 instruments x 16 bytes COLUMN-MAJOR (field N at INSTRUMENTS+N*32): AD,SR,wave s/e/loop,arp s/e/loop,vibdelay,vibdepth/speed,pulse width/speed/limits,filter s/e/loop; shared 256B wave/arp/filter tables stepped by per-inst s/e/loop; 16 effects 0-F (F=multi: speed/vol/filtermode/fineslide/notecut/notedelay[UNIMPLEMENTED rts-stub]/filterctrl/hardrestart). WRITE ORDER per frame voices 2->1->0: PWlo,PWhi,freqlo,freqhi,ctrl+gate,AD,SR then once $D416 cutoff/$D417 res+routing/$D418 (globalvol|filtermode); Y stride {0,7,14}. Hard restart default 2 ticks zeroes AD/SR/wave before new note; wavetable $FF=zero wave+ADSR (percussive); gate=wave bit0 AND chn_gateon. SIDID FIX: local cfg starts OdinTracker sig with 'C0 0F' but canonical cadaver/sidid is '29 0F C0 80 F0...' (AND #$0F + effect-F CPY/BEQ dispatch chain) - fix local cfg leading byte at migration. CENSUS (PSID headers): all PSID v2, init/play offset always +3; $1000/$1003=126/159 (79%); 156 VBI / 1 CIA (CiaTno.sid) / 2 RSID play=0 own-IRQ (Dirt_Ball.sid, Gods_preview.sid); reloc outlier Whirl.sid (offset $3E = custom wrapper); zero STIL/BUGlist. NO third-party parser exists (all players treat it as self-contained PSID). Two on-disk format generations: v1.0x (no filter table) vs v1.1x-1.13 (+$4E00 filter table + instr fields 13-15); agents believe all 159 are v1.1x. OPEN (migration): confirm v1.0x/v1.1x census via instr-bytes-13-15 fingerprint; RSID/CIA per-IRQ verdict path; parse PACKED layout (precomputed TRACKTRANSPOSES0-2/TRACKPOINTERSLO/HI0-2, not editor's dynamic addressing). Top composers SounDemoN(~50)/Hoffmann_Michal/Factor6/Monk/LordNikon; Cadaver Darkness.sid = good test case. Cleared to start disassembly (really: transcribe the source). See pipelines/odintracker/docs/README.md.",2026-06-15,"[""OdinTracker""]",163
prosonix,LITTLE,single research.md first-pass overview; research-engine sweep not yet run.,2026-06-13,"[""Prosonix""]",131
rayden_digi,SOME,"opened 2026-08-31: RE_NOTES + seed disassemblies for a V1 and a V2 member; V1/V2 split measured as two pacing topologies (V1 unrolled raster-burst, V2 two vector-swapped NMI handlers = the Digi-Organizer shape). No research-player sweep yet; V2 handlers are relocated so runtime values need siddump capture. Phase 3 of docs/digi_parametrization_proposal.md.",2026-08-31,"[""Rayden_Digi_V2""]",1
reflextracker,OK,"research-player sweep complete (2026-06-15, 6 parallel agents). Reflex-Tracker V1.1 (1995), group Reflex / The Obsessed Maniacs. In-binary credits: editor code ZORC, design/docs/songs/samples PVCF, disk+optimize+sample-menu KB (Tammo Hinrichs), sample-pack compression QUISS (Matthias Kramm); module header 'CODE BY ZORC/REFLEX AND KB/T.O.M'. 137 HVSC SIDs. ===TWO REFRAMES=== (1) It is a 2-VOICE DIGI/SAMPLE tracker, NOT melodic SID: during play the player writes ONLY $D418 (4-bit master-vol DAC), installs its own CIA2 Timer-A IRQ at ~6702 Hz ($DD04=$93), reads one nibble from each of two sample streams (ZP ptrs $D0/$D1 + $D2/$D3), mixes+clips them -> $D418. SID 3 synth voices UNUSED; 'third voice' (drum/snare) is a software trick in the 2-ch mixer. => MIGRATION IS MODE 2 (CYCLE-EXACT), like Chimera, NOT frame-by-frame instruction-sequence; USF carries PCM sample data + 2-voice pattern/track via the Chimera-style digi sidecar pipeline (sample.py/flac_io.py/digi_pack.py), verdict=compare_strict NOT verify_all. (2) research.md's 'PC cross-tracker/10 channels' is misleading for HVSC: the player in all 137 SIDs is a C64 binary (2KB @ $C000); 'PC' = a PC<->C64 sample-transfer workflow; QuadSID (up to 10ch via 4 SID chips) exported MIDI ONLY, never .sid, so ZERO QuadSID/multi-SID tunes in HVSC (PVCF's Bladeswede survives only as its DMC 3-ch downmix). NO SOURCE exists anywhere (predates GitHub; kb/Quiss/Zorc never released it) BUT recovered D64 + 2KB player + 28KB German manual (BESCHREIBUNG) + 3 RFX1 demo modules = format effectively complete from primary artifacts (preserved in docs/src/). FORMAT: player 2048B @ $C000, init $C006 (SYS 49158), play=$0000 own-IRQ. RFX1 module = 'RFX1' magic + track table + pattern data + bulk PCM. Track table = 2-voice orderlist: pattern# (hex, <=256) or '--' (voice silent, never both at once or player can't find speed) / 'RP' (loop to pos0) / 'ED' (stop). Pattern = 16 rows; per-voice fields SND (note; --=rest, ==stop), IS (8-bit sample#; --=continue prev sample at new pitch = 'switch' fx), Direction (0=fwd/1=rev), Speed (hex 0-F, Voice1 PRIORITY, 7=normal 4/4), Volume (2-bit/4 levels). Instruments=named samples w/ start/end RAM addrs, signed 8-bit PCM or 4-bit packed. Disk also ships sample-CAPTURE drivers (Userport/IO1/IO2/Joystick 2-8bit + SDRV.SIDWAVE) = compose-time only, not the player. CENSUS: 137 SIDs (incl 6 in DEMOS/), all PSID v2, all 1 subtune, all play=0; 130/137 init=$C006; outliers a $C050 group (PVCF Gubber/Trance202/Originalzak) + Jonny/Future_Come.sid $1C06 (player reloc to $1C00); no PSID v3/2SID. Polish-scene dominated (CJ Warlock=Piotr Grabowski ~25). Two player builds: standalone ($C006 direct, e.g. Access_Denied_remix) vs iAN-CooG-wrapped self-relocating $1F00->$F000. Pre-V1.0 'FTRAC V1' existed mid-1994 (Brainbeat 3); LSD (Liquid Sound Designer, 1997, Quiss+PVCF) = related follow-on. English manual in Insider #6 ch.10 'TRACKERINSTR' (needs VICE, uncaptured). OPEN (migration): decode RFX1 internal byte offsets (instrument/sample table is main undecoded piece; pattern stream ~$3D80, 00-4F notes/>=$50 control); VERIFY ~6702Hz CIA rate + init SMC sample-rate patch (note->period sub ~$F2CF) = the Mode-2 timing crux; wire to digi sidecar pipeline + compare_strict; standalone build first. Cleared to start disassembly. See pipelines/reflextracker/docs/README.md.",2026-06-15,"[""Reflextracker""]",137
romuzak,OK,"research-player sweep complete (2 waves). No public source/parser, BUT recovered the author's complete editor manual ROMUZAK.DOC (German, V6.2+V7.9x) from the VacSID zip (src/romuzak_doc_vacsid_bundle.txt) = a primary format spec: memory map (init/play/stop @ +0/3/6, ROMUZAK89 string @ +9, inst block @ +$18, 96-entry freq table @ +$A2), FC-V1.0-compatible track byte ranges ($00-BF same as FC + $C0-FB sound-transpose + $FC goto), instrument bytes B0-B7 (B6 PW-vibrato, B7 flag remap vs FC), drum table 2x16+$FF, 21 sector commands (VDL/ARP/REL/ECH/...), zero-page $F8-FB. sidid V6.x/V7.x decoded (V7 adds PHA+AND#7 note packing). FC-conversion mapping cross-ref'd vs local future_composer/docs. By Oliver Blasnik (ROM), Digital Marketing, German scene. OPEN (RE-phase): numeric sector-command dispatch bytes, exact effect register formulas, V7.96 dual-player layout, copyright-validation addr. 591 HVSC tunes (569 V6.x + 22 V7.x).",2026-06-14,"[""RoMuzak_V6.x"", ""RoMuzak_V7.x""]",615
sidduzzit,OK,"research-player sweep complete (2026-06-13, gather-only/sonnet): fully open source (TASS player SRC_SDI21-N50/SPD50.asm) + 65KB official docs + Psylicium manual, kept in docs/src/. Player API ($1000 init/$1003 play/$1006 fade/$1009 speedplay), 4 voices (3+conductor), 10-col-major instruments, waveform-bytecode + pulse/filter/vibrato program tables, FX+note sequencer all captured. KEY: ~25 rem_* assembly flags strip unused effects -> music-data/table bases NOT fixed-offset, must be dataflow-located per tune (FC/DMC-style). V1.x!=V2.x (NTSC vs PAL, incompatible); HVSC overwhelmingly V2 at $1000. Siblings SIDSys/Comptech-X/Echo are separate engines. OPENs deferred to migration (write order, rem_* fingerprint, speed-bit survey). Cleared to start. See pipelines/sidduzzit/docs/README.md.",2026-06-13,"[""Geir_Tjelta/SIDDuzz'It""]",1000
sidfactory_ii,OK,"research-player sweep complete (2 waves). Format fully open from Chordian/sidfactory2 C++ (no 6502 asm in repo). Byte-exact: orderlist/sequence packing, instrument+wave/pulse/filter/HR/arp/tempo tables, command table, relocation/pack pipeline. Drivers 11-16 diffed; all single-speed (no multispeed). KEY: exported HVSC .sid strips the 0x1337 descriptor -> extractor must fingerprint driver + anchor on PSID init/update + driver-layout offsets. Open items (freq table, within-frame write order, driver11 sub-version probe) are all disasm-phase. 377 HVSC tunes.",2026-06-13,"[""SidFactory_II/Laxity""]",428
sidtracker64,OK,"research-player sweep complete (2026-06-14). SidTracker64 = modern iOS/iPad tracker by Daniel Larsson (Pernod), 2015 (last app update v1.0.5 Oct 2019). 259 HVSC SIDs, all PSID v2, 86% 8580+PAL. Closed-source app -> TARGET = the 6502 player + song data in the .SID EXPORT (not the .s64 authoring format). NO public source/spec; structure recovered from byte-stable HVSC inspection. PLAYER: init=load_addr (3-byte JMP trampoline), play=load_addr+$0003; player code 1930-2258 bytes across ~14 size-variants = APP VERSIONS (version detectable by code size); work area ~$6A bytes after code, then static tables; relocation (user load addr) added v1.0.5 - same code relocated. SMC per-song slots: $105F tempo, $107D orderlist-len, $101D filter mode, $101F/$1D filter routing. WRITE MODEL per play(): voice-writer x3 (X=0,7,14)->$D400-06; $D415/16 filter; $D417 routing; $D418=$0F|vol; tempo counter->step advance; per-voice duration countdown. Sidid sig 29 FE 9D 04 D4 = AND #$FE gate-clear hard-restart; 18 69 = glide ADC #$44/page-advance/note-step. PATTERN: $00-7F duration ticks, $80-FF note+instrument (2-3B), 128-byte page boundary w/ loop marker; orderlist 8 parallel lo/hi tables. FEATURES: 32 instruments (ADSR+wavetable+pulse+filter tables+vibrato+PWM sweep), 8 waveforms, sync/ring/hard-restart, arp=wavetable hi-freq mode; patterns 3 voices + 1 FX TRACK (per-step vol/filter/BPM); per-step glide/sustain/vibrato/tie. **TIMING: BPM-based, player ALWAYS sets CIA Timer A even when PSID speed=VBI; 47% carry CIA flag but CIA used internally in all -> plan --writelog-per-irq verdict family-wide (BPM != 50Hz).** Migration first step: disassemble canonical $1000 export for work-area/freq-table/instrument-block/wavetable encodings + the FX-track stream. Cleared to start disassembly. See pipelines/sidtracker64/docs/README.md.",2026-06-14,"[""SidTracker64""]",266
sidwinder,OK,"research-player sweep complete (2026-06-17). GRAIL RECOVERED: full V01.23 GPL source archive (zimmers.net SIDwinder_V0123_src.zip) fetched + committed under pipelines/sidwinder/docs/src/ -- PLAYER.ASM (V01.23), PLAY0122.ASM (V01.22 for diff), PACKER.ASM (packer/relocator = the PACKED on-disk format HVSC tunes use), ED.ASM (editor/in-memory format), SIDR/VIEWER.ASM, + SIDW0122.txt manual + SUMMARY/GENERAL/PROGRAMM docs. No format parser exists in any other tool (SF2/CheeseCutter/GT/libsidplayfp/VICE -- only the sidid label). Engine: Taki/Natural Beat 1994, V01.22 public 1999, V01.23 GPL 2000-03-15 (Plus/4 port by Levente Harsfalvi/TLC). 117 HVSC SIDs, single sidid signature (no version split). Format: 3-voice PAL VBI-driven (speed=0), multispeed to 16x, entry $1000/$1003/$1006, 32 subtunes/96 sectors/64 instruments, 7-byte instruments + 4 effect tables (wave-arp/filter/PW/slide-vib; $FF jump, $FE drum), hard-restart per note/sector, glide=absolute-freq quirk. Name collision: Raistlin/Genesis 'SIDwinder' 2025 = unrelated modern analyzer (flagged). Cleared to disassemble. KEY OPEN (RE-phase, no more online needed): packed-format byte map from PACKER.ASM; V01.22-vs-V01.23 player diff; per-version axis confirm across 117 SIDs. See pipelines/sidwinder/docs/README.md.",2026-06-17,"[""SidWinder""]",118
sidwizard,OK,"research-player sweep complete (2026-06-13): fully open source (player.asm/exporter.asm/SWM-spec.src/ChangeLog) + 27pp manual + version history + 4 decoded HVSC binaries. Exported layout, per-frame write model (V3->V2->V1, ghost vs lean SIDG=SID), version deltas (config knobs hr_adsr_order/init_writes_d418/driver_variant), CIA-vs-vblank (mostly vblank -> flat Mode-1) all captured. Scope: 1010 1SID tunes; exclude 38 multi-SID (psid_version>=3). KEY OPEN: pointer-table offset map per (version,drivertype). Cleared to start disassembly; canary Hermit/Magyar_Nepzenek.sid. See pipelines/sidwizard/docs/README.md.",2026-06-13,"[""Hermit/SidWizard_V1.x""]",1126
soedesoft,OK,"research-player sweep complete (2026-06-13, gather-only/sonnet). CLOSED engine (Jeroen+Michiel Soede, Fire-Eagle, NL 1988-89; no public source). Translated German V3.1 manual gives the song-data model (Song->Block->Step->Bar; sound parts; arp/wave/pulse/filter effects); version taxonomy (V1.0=editor, V3.1 public, V3.2 Fire-Eagle-internal; V2.x gap); census (929, 8 init/play clusters, $6000 V3.1 batch=309, all PSID v2 VBlank). Byte-level layout OPEN -> RE during migration (JC64dis SoundMaster1.dis profile = bootstrap). Cleared to start. See pipelines/soedesoft/docs/README.md.",2026-06-13,"[""SoedeSoft""]",951
soundmonitor,OK,"research-player sweep complete (2026-06-13): original 64'er 10/1986 type-in article + 24-register sound-parameter table recovered (archive.org full OCR); local JC64dis hand-annotated disassembly decoded (compiled replayer layout, 64-byte sound records, per-frame write model); variant taxonomy mapped (Soundmonitor V1.0/1.1/1.3, Rockmonitor digi, ~20 sidid sub-variants); CIA-timed (writelog-per-irq verdict). Cleared to start disassembly. See pipelines/soundmonitor/docs/README.md.",2026-06-13,"[""Soundmonitor""]",3682
sync,LITTLE,single research.md first-pass overview; research-engine sweep not yet run.,2026-06-13,"[""SynC""]",108
system6581,LITTLE,single research.md first-pass overview; research-engine sweep not yet run.,2026-06-13,"[""System6581""]",104
tfx,OK,"research-player sweep complete (2026-06-14). TFX editor by Lada 'Ray' Lostak / Unreal (CZECH not Polish; UI by PseudoGrafx; later fixes/docs Jaymz Julian), 1995-2005. 269 HVSC SIDs, all PSID v2. BEST-SOURCED family yet: recovered the ACTUAL player source (src/Player-v2.99.ass, signed Ray/Unreal), full v2.99 manual, key-guide, changelog, AND a PC unpacker (src/hyperPacker-v2.99.c) exposing the on-disk layout - all from official Tfx_2_99.zip (unreal64.net). KEY: TFX DESCENDS FROM DMC (Ray confirmed; 1996 DMC->TFX converter) -> leverage pipelines/dmc/ (already OK). LAYOUT ($1000 base, v2.x): 9-byte 3x JMP (init $10FA/play $1003/SFX $1914), version+title string $1009-37, freq lo $103A hi $109A (96B each), 8-byte subtune descriptors ~$1BCF, patterns follow; 8KB image $1000-2FFF. WRITE MODEL per voice: SR->AD->ctrl->PWhi->PWlo->freqhi->freqlo then $D418/$D416/$D417. PATTERN bytes: $00-5F note, $60-7F sec-speed, $80-BF duration, $C0-CF ADSR, $D0-ED instr/event, $EE vib, $EF glide, $F1-FF global fx. FEATURES (manual): sector seq <=80 sectors/5 subsongs; 8-byte instruments <=32; wave(2B: NRM/SHI/SHL/RHI/RHL/HRD), pulse(SAC 16-bit v2.99, SPL split v2.97), filter(all 11 bits v2.98+) tables; 6 table vars; multispeed 1-12x/72x-per-ch + $1003/$1006 split; ~20 sector effects (GLIDE/SLIDE/RLEN hard-restart-len/CTRL/FADE...). SIDID single sig all versions. Version split: V1.x (play=$1100, freq table @ $1000, DIFFERENT map - Group B/E2, ~36 SIDs) vs V2.x (play=$1003, manual layout). v2.94 anomaly: 32-entry lo-table + 36B dispatch block. CIA multispeed subset (Timer-A + frame-skip DEC) -> --writelog-per-irq. Migration first step: disassemble canonical $1000 v2.x tune to bind Player.ass/hyperPacker.c offsets; then map v1.x layout (no v1.x manual exists). Cleared to start disassembly. See pipelines/tfx/docs/README.md.",2026-06-14,"[""TFX""]",270
ubiks_musik,OK,"research-player sweep complete (2026-06-14). Ubik's Musik (Dave Korn/Ubik, Firebird, 1987, COMMERCIAL). 288 HVSC SIDs, all PSID v2 / VBI / speed=0 (zero CIA). NO public source/disassembly, but player is byte-stable -> structure recovered from corpus analysis (annotated $C600-$CF40 disasm of Fire_Breath.sid saved in src/). LAYOUT ($C600 base, ~7KB): init $C600 (ADC #$80 active-flag + subtune 0-25 in A + zero $D400-1F); play $C603 -> JSR $C666 (main body / multi-song select; PRG2SID detect target). Stable regions: $C666-71A main loop, $C824-CDFF effects, drum table $CF00. KEY DISPATCH QUIRK: ONE SID voice per play() via self-modifying LDX at $C672 (voice ctr 2->1->0) = the 'high rastertime' cause; 3-voice frame spans 3 IRQs -> confirm Mode-1 vs --writelog-per-irq verdict. WRITE MODEL: voice order 2->1->0; normal frame=vibrato(freq)+PWM(PW) then $D418/$D416/$D417; note-start=gateclear/$D406 SR/$D405 AD/$D403-2 PW/$D404 ctrl|gate/$D400-1 freq. EFFECTS: log vibrato (delta=freq(n)-freq(n-1semi), auto pitch-scaled), PWM triangle sweep, ECHO=sustain-level staircase per NOTE (not delay line, $D406 at trigger), waveform swap (table $C507), wavetable drums (8 fixed, $CF00, 2/3-byte entries, $FF end). Seq cmds $F3 nn=tempo, $FF=end. SFX API at $C68F. SIDID single sig, no sub-versions; address variety = relocation of ONE player (canonical $C600/$C603=120, $C666 family ~70, fully relocated ~62). $D415 maybe unused. Used in many Firebird games (Thrust II, Joe Blade 2, Tim Follin Agent X II). Migration first step: disassemble canonical tune for instrument-table/note-encoding/song-pointer/drum-offset byte layout. Cleared to start disassembly. See pipelines/ubiks_musik/docs/README.md.",2026-06-14,"[""Ubik's_Musik""]",293
vibrants_jo,OK,"research-player sweep complete (2026-06-16, 4 parallel sonnet agents + orchestrator). Engine = custom C64 player by Poul-Jesper Olsen ('JO'), handles Rock/Technic, Amok/Vibrants, DENMARK. 130 HVSC SIDs: 102 in MUSICIANS/J/JO/, 24 in MUSICIANS/H/HJE/ (Hans Juergen Ehrentraut), 4 in MUSICIANS/D/DRAX/Worktunes/. Active C64 period ~1988-1992; he also wrote custom AdLib + Amiga + Roland MT-32 + MS-DOS players. CENTRAL FINDING: NO public source or disassembly found. JO composed 'in an assembler listing' (no editor released, hand-assembled binary per tune). The sidid fingerprint (10 OR-combined patterns) is the only machine-readable format knowledge. Player is DISTINCT from JCH NewPlayer family: JO invented hard-restart (ADSR gate-off via test-bit) which JCH copied into NewPlayer v11. All 130 SIDs are VBL/50Hz (speed=0), no CIA tunes. Player is relocatable; wide load address spread (/bin/bash800-). ARCHITECTURE (from sidid decode): 3-voice loop X=2..0; ZP pointer + Y-walk for data streams (BC/B1 pairs); sentinel-terminated note streams (0, 0, , , ); instrument select byte >=  (index=(byte-)*8, 8-byte records); gate-off = AD=0 SR=0 Ctrl=/bin/bash8 (test bit); CLC+ADC freq delta (glide/vibrato); ZP voice state 0-A (58 bytes from Grid.sid init); init resets all ZP + SID registers + sets master vol F. Multi-subtune dispatch confirmed (up to 7 subtunes). NOTE ENCODING HYPOTHESIS: <0=raw note index, 0=gate sentinel, +=instrument select, =block end, =sequence end/loop. NO HJE or DRAX variants detected by sidid - all use identical fingerprint. LAYOUT: init at load or load+3/6; play = init+3 or init+6 (JMP dispatch table at top of binary); data/instr tables between dispatch and engine code; engine code often at HIGH end (Amok_Title pattern); code size 635-6705B avg ~2966B. EXCLUSIONS from JO/ dir: JO_goes_Myth=MoN/Bjerregaard, Multi_Move=MoN/FutureComposer (migrated), Grid=unclassified. LEADS: seed_disassembly.py target Airwolf_Theme.sid (2769B, Cluster A, canonical) or Grid.sid (635B, stripped minimum). play=25c cluster (Gamlere/Gamlest/Rob_Lam_Fejl) has fixed play address - good 3-tune sanity set. First_Digi (play=/bin/bash000) needs special digi handling. High-memory tunes (-) need banking audit. See pipelines/vibrants_jo/docs/README.md.",2026-06-16,"[""Vibrants/JO""]",132
vibrants_laxity,OK,"research-player sweep complete (2026-06-15, 6 parallel agents). Engine = the ORIGINAL Laxity Editor player by Thomas Egeskov Petersen ('Laxity', Vibrants/Maniacs of Noise); 179 HVSC SIDs. Composed directly in a m/c monitor from ~1987; ancestor of the entire JCH NewPlayer line (v5..v21) and thence SID Factory II. CENTRAL FINDING: the original player was NEVER published as source (hand-distributed in Turbo Assembler form) - confirmed by all 6 agents. It survives only as (a) HVSC binaries [RE=migration phase], (b) its 5-line SIDId signature [decoded], (c) JCH's first-hand testimony that NewPlayer's pulse/filter step-table system is 'the same system as used in LAXITY's player' -> the well-documented JCH/CheeseCutter format is our best PROXY (caveat: JCH redesigned the instrument byte layout v14->v15->v20), and (d) 6 authentic original-format .DAT files JCH composed in Laxity's player in 1988 (preserved at docs/src/laxity_orig_dat/ - the closest ground-truth binary; the .SID siblings are CSDb text stubs). WRITE MODEL confirmed from signature: freq write is HI-before-LO ($D401,Y then $D400,Y), voice stride Y in {0,7,14}; note index ASL-doubled into word-aligned freq table; slide = ADC abs,X accumulator; $D404,Y ctrl/gate per voice; $D416 filter-cutoff-hi sweep with BIT/BVS direction-flip; duration = count-up INC abs,X + 4 nested DEC/BPL counters per voice (NOT Hubbard's single DEC); play entry init+$06; pulse-width ($D402/03) ABSENT from signature (open Q: does original have PW at all?). FORMAT (JCH/CheeseCutter proxy): 8-byte instruments (AD,SR, then version-dependent: hifreq+HR+arp-speed etc), 2-column wave table, 4-byte pointer-chained pulse/filter step tables, 2-byte sequence pairs (note+cmd, $7E tie/$FF end), 2-byte orderlist words [transpose][seq#] with $FF loop/$FE stop. Have authoritative parsers: SF2 C++ (docs/src/sf2_*.cpp), CheeseCutter player_v4.acme (NP21.G4-based per-frame oracle), Glover NP21.G4/G5 6502 source, JCH's own NP15/NP20 manuals + 96KB ED37 editor source. RELATED/DISTINCT: Vibrants/JO (130 SIDs) = Poul-Jesper Olsen, separate engine (own pipeline); JCH_OldPlayer (32 SIDs) = JCH composing in Laxity's FORMAT - likely same player binary, different data (verify in migration). Migration first step: decode docs/src/laxity_orig_dat/*.DAT + disassemble one HVSC tune (e.g. Laxity/Fast_Stuff_1.sid) with seed_disassembly.py. Cleared to start disassembly. See pipelines/vibrants_laxity/docs/README.md.",2026-06-15,"[""Vibrants/Laxity""]",179
xample,OK,"research-player sweep complete (2026-06-13, gather-only/sonnet). X-Ample/Compotech (Markus Schneider et al., X-Ample Architectures, Germany 1988-97; 380 HVSC tunes). Closed, BUT an annotated V3.2 TurboAss player source ships on the Compotech V2.1 D64 (CSDb #122614) -> player architecture + effect set captured (VBI, 3-voice bitmask, +7 stride; vibrato/glide/arp/drum/pulse/filter/echo/tremolo/fade/velocity). Lineage: Schneider driver -> Parsec V5.1 -> Compotech V1/V2.1; XTracker (V3.1/V4.1x/V4.2x) by SoNiC (separate author; V3.1 player byte-identical to V2.1) -> likely ONE data format + per-variant write-quirk flags. X-Ample_Digi = CIA2-NMI sample (Mode-2, out of scope; 0 confirmed in HVSC). Reflextracker is a DIFFERENT engine (not X-Ample). Census: layouts A(192)+B(118) ~82%, likely same player w/ flipped header. Song-data byte layout OPEN -> RE during migration. Cleared to start. See pipelines/xample/docs/README.md.",2026-06-13,"[""X-Ample""]",387
